﻿{"cameraMode":{"drawMode":0,"name":"Shaded","section":"Shading Mode"},"sceneLighting":false,"audioPlay":false,"sceneViewState":{"showFog":true,"showMaterialUpdate":false,"showSkybox":false,"showFlares":true,"showImageEffects":true,"showParticleSystems":true},"in2DMode":false,"pivot":{"x":3.8169918060302736,"y":1.5734537839889527,"z":1.5232717990875245},"rotation":{"x":-0.0308085884898901,"y":0.45799899101257326,"z":-0.020144812762737275,"w":-0.8885891437530518},"size":4.189891815185547,"orthographic":false}