﻿{"cameraMode":{"drawMode":0,"name":"Shaded","section":"Shading Mode"},"sceneLighting":false,"audioPlay":false,"sceneViewState":{"showFog":true,"showMaterialUpdate":false,"showSkybox":false,"showFlares":true,"showImageEffects":true,"showParticleSystems":true},"in2DMode":false,"pivot":{"x":-7.532406806945801,"y":2.8243863582611086,"z":-3.654470682144165},"rotation":{"x":-0.05109002813696861,"y":0.8588467836380005,"z":-0.0936613380908966,"w":-0.501698911190033},"size":19.872146606445314,"orthographic":false}