﻿{"cameraMode":{"drawMode":0,"name":"Shaded","section":"Shading Mode"},"sceneLighting":false,"audioPlay":false,"sceneViewState":{"showFog":true,"showMaterialUpdate":false,"showSkybox":false,"showFlares":true,"showImageEffects":true,"showParticleSystems":true},"in2DMode":false,"pivot":{"x":-4.579139709472656,"y":1.482448697090149,"z":-0.9356141090393066},"rotation":{"x":-0.005150618962943554,"y":-0.8165719509124756,"z":0.0007795043056830764,"w":-0.5778337121009827},"size":2.9178528785705568,"orthographic":false}